{
    "Train": {
        "H@1": 0.00907069288389513,
        "H@3": 0.03160112359550562,
        "H@10": 0.1101942883895131,
        "MRR": 0.05383447841063697
    },
    "Val": {
        "H@1": 0.006554307116104869,
        "H@3": 0.028089887640449437,
        "H@10": 0.09550561797752809,
        "MRR": 0.04842556320779725
    },
    "Test": {
        "H@1": 0.005121042830540037,
        "H@3": 0.02281191806331471,
        "H@10": 0.09031657355679702,
        "MRR": 0.04590659886567733
    }
}